{"performance": 0.9772298310310005, "successful rate": 1.0, "fail rate": 0.0, "timeout rate": 0.0, "average total rewards": 1.3229999999999664, "average finish steps": 20.522633744855966, "_timestamp": 1648361361, "_runtime": 838, "_step": 4008}