{"performance": 0.04256889547650417, "successful rate": 1.0, "fail rate": 0.0, "timeout rate": 0.0, "average total rewards": 1.3229999999999686, "average finish steps": 41.541666666666664, "_timestamp": 1648361807, "_runtime": 745, "_step": 3075, "_wandb": {"runtime": 744}}