{"performance": 0.8350334448160536, "successful rate": 1.0, "fail rate": 0.0, "timeout rate": 0.0, "average total rewards": 1.3229999999999669, "average finish steps": 23.971153846153847, "_timestamp": 1648361658, "_runtime": 1193, "_step": 4999, "_wandb": {"runtime": 1192}}