{"performance": 0.4993141289437585, "successful rate": 1.0, "fail rate": 0.0, "timeout rate": 0.0, "average total rewards": 1.3229999999999664, "average finish steps": 20.53497942386831, "_timestamp": 1648362548, "_runtime": 965, "_step": 4999, "_wandb": {"runtime": 964}}